{
	"pages": [ //pages数组中第一项表示应用启动页，参考：https://uniapp.dcloud.io/collocation/pages
		{
			"path": "pages/index/index",
			"style": {
				"navigationBarTitleText":"",
				"bounce" : "none"
				//"titleNView" : false,
				//"scrollIndicator" : "none",
				//"navigationStyle" : "custom"
				//"enablePullDownRefresh" : true
			}
		}
	    ,{
            "path" : "pages/update/update",
            "style" : {
				"navigationBarTitleText":"应用更新",
				"bounce" : "none"
			}
        }
    ],
	"globalStyle": {
		"navigationBarTextStyle": "black",
		"navigationBarTitleText": "uni-app",
		"navigationBarBackgroundColor": "#F8F8F8",
		"backgroundColor": "#F8F8F8"
	}
}
