{
	"pages": [ //pages数组中第一项表示应用启动页，参考：https://uniapp.dcloud.io/collocation/pages
		{
			"path": "pages/index/index",
			"style": {
				"navigationBarTitleText": "graceIM - 好友列表",
				"app-plus": {"softinputMode": "adjustResize"}
			}
		}
        ,{
            "path" : "pages/chat/chat",
            "navigationBarTitleText": "graceIM - 聊天界面",
            "app-plus": {"softinputMode": "adjustResize"}
        }
    ],
	"globalStyle": {
		"navigationBarTextStyle": "black",
		"navigationBarTitleText": "uni-app",
		"navigationBarBackgroundColor": "#F8F8F8",
		"backgroundColor": "#F8F8F8"
	}
}
